Cultivate,AFC-UC-ENG-155-NM,9,1.4000,1.4000,1.4000
Cultivate FOIL,M21-UC-FOIL-ENG-177-NM,9,1.3000,1.3000,1.3000
Cultivate,M11-168EN-NM,4,1.7000,1.7000,1.7000
Cultivate,C16-C-EN-146-NM,0,1.0000,1.0000,1.0000
Cultivate,PCA-C-ENG-062-NM,0,1.0000,1.0000,1.0000
Cultivate,C17-C-EN-147-NM,0,1.5000,1.5000,1.5000
Cultivate ,E01-C-ENG-062-NM,0,1.9500,1.9500,1.9500
Cultivate,A25-C-EN-165-NM,8,1.7000,1.7000,1.7000
Cultivate,CM2-C-EN-135-NM,1,1.7500,1.7500,1.7500
Cultivate,C18-C-EN-138-NM,1,1.3000,1.3000,1.3000
Cultivate,C19-C-ENG-159-NM,0,0.5000,0.5000,0.5000
Cultivate,MB1-C-ENG-1176-NM,0,1.0000,1.0000,1.0000
Cultivate,C20-C-ENG-170-NM,0,0.5000,0.5000,0.5000
Cultivate,M21-UC-ENG-177-NM,38,1.0000,1.0000,1.0000
Cultivate,CMR-C-ENG-424-NM,0,1.0500,1.0500,1.0500
Cultivate,STA-UC-ENG-051-NM,30,1.8000,1.8000,1.8000
Cultivate,STA-UC-JPN-051-NM,0,0.6500,0.6500,0.6500
Cultivate,C21-UC-EN-187-NM,0,0.5000,0.5000,0.5000
Cultivate,NCC-C-ENG-285-NM,6,0.8000,0.8000,0.8000
Cultivate,CLB-C-ENG-821-NM,10,1.0000,1.0000,1.0000
Cultivate,DMC-C-ENG-130-NM,8,1.4000,1.4000,1.4000
Cultivate,40K-C-ENG-211-NM,30,1.4000,1.4000,1.4000
Cultivate (Commander 2011),MISC-C-ENG-CMD-148-NM,0,0.6000,0.6000,0.6000
Cultivate (Commander 2013),MISC-C-ENG-C13-139-NM,0,1.6900,1.6900,1.6900
Cultivate (Foil-Etched),STA-UC-ETCHED-ENG-051-NM,13,1.0500,1.0500,1.0500
Cultivate FOIL,A25-C-FOIL-EN-165-NM,2,3.9000,3.9000,3.9000
Cultivate FOIL,M11-C-FOIL-ENG-168-NM,1,6.5000,6.5000,6.5000
Cultivate FOIL,STA-UC-FOIL-ENG-051-NM,20,2.0000,2.0000,2.0000
Cultivate FOIL (Friday Night Magic 2011),PR-F11-ENG-008-NM,0,9.1000,9.1000,9.1000
Cultivate FOIL (Secret Lair Drop),PR-SLD-ENG-246-NM,11,14.3000,14.3000,14.3000
Cultivate FOIL [Alternate Art] [Borderless],M21-R-FOIL-ENG-317-NM,27,6.8000,6.8000,6.8000
Cultivate [Alternate Art],STA-UC-JPN-114-NM,28,2.4000,2.4000,2.4000
Cultivate [Alternate Art] [Borderless],M21-R-ENG-317-NM,25,4.0500,4.0500,4.0500
[ Japanese ] 耕作 | Cultivate ( Friday Night Magic ) FOIL,PR-Cultivate-FNM-JPN-NM-FOIL,0,9.9000,9.9000,9.9000
[Japanese] 耕作 | Cultivate (Foil-Etched) [Alternate Art],STA-UC-ETCHED-JPN-114-NM,30,4.1000,4.1000,4.1000
[Japanese] 耕作 | Cultivate FOIL (Friday Night Magic 2011),PR-F11-JPN-008-NM,2,13.0000,13.0000,13.0000
[Japanese] 耕作 | Cultivate FOIL [Alternate Art],STA-UC-FOIL-JPN-114-NM,30,4.1000,4.1000,4.1000
[Japanese] 耕作 | Cultivate FOIL [Alternate Art] [Set Booster],STA-UC-FOIL-JPN-114-NM,1,11.7000,11.7000,11.7000
[Simpilfied Chinese] 栽培 | Cultivate FOIL (Friday Night Magic),PR-F11-ZHS-008-NM ,19,13.0000,13.0000,13.0000
【Japanese】耕作 / Cultivate,M11-168-JPN-NM,0,1.3000,1.3000,1.3000
